{"user_email":"Richard", "user_password":"123", "identity": "Student"}
{"user_email":"Bruce", "user_password":"456", "identity": "Student"}
{"user_email":"Charles", "user_password":"789", "identity": "Student"}
{"user_email":"Jige", "user_password":"4324", "identity": "Student"}
{"user_email":"Gongge", "user_password":"54645", "identity": "Student"}
{"user_email":"Hualong", "user_password":"8768", "identity": "Student"}
{"user_email":"Michael", "user_password":"232", "identity": "Student"}
{"user_email":"Jessica", "user_password":"213", "identity": "Student"}
{"user_email":"Jordan", "user_password":"5464563", "identity": "Student"}
{"user_email":"Lin", "user_password":"21312312", "identity": "Student"}
{"user_email":"Joy", "user_password":"3421", "identity": "Administrator"}
{"user_email":"Lilien", "user_password":"4444", "identity": "Administrator"}
{"user_email":"Debbie", "user_password":"555", "identity": "Administrator"}
{"user_email":"James", "user_password":"76554", "identity": "Administrator"}
{"user_email":"Michelle", "user_password":"6754", "identity": "Administrator"}
{"user_email":"Frank", "user_password":"1231231", "identity": "Administrator"}
{"user_email":"Barbara", "user_password":"987", "identity": "Administrator"}
{"user_email":"Moon", "user_password":"654654", "identity": "Administrator"}
{"user_email":"Tony", "user_password":"65756", "identity": "Administrator"}
{"user_email":"Toby", "user_password":"54745", "identity": "Administrator"}